{"resultadosSimulacion":{"vehiculos":{"total":188,"carros":77,"motos":54,"buses":28,"camiones":17,"motoTaxis":12},"mallaVial":{"vias":70,"intersecciones":41,"viasUnSentido":4,"viasDobleSentido":66,"velocidadMinima":60.0,"velocidadMaxima":80.0,"longitudPromedio":3085.7237857163427,"vehiculosEnInterseccion":{"promedioOrigen":4.585365853658536,"promedioDestino":4.585365853658536,"sinOrigen":0,"sinDestino":0}},"tiempos":{"simulacion":18.990000000000002,"realidad":1899.0},"velocidades":{"minima":41.13353263633314,"maxima":79.70458577399972,"promedio":61.324412877723724},"distancias":{"minima":1500.0,"maxima":27916.65382639197,"promedio":12011.301141931395}}}