{"resultadosSimulacion":{"vehiculos":{"total":128,"carros":52,"motos":44,"buses":20,"camiones":8,"motoTaxis":4},"mallaVial":{"vias":67,"intersecciones":41,"viasUnSentido":4,"viasDobleSentido":63,"velocidadMinima":60.0,"velocidadMaxima":80.0,"longitudPromedio":3034.576597512834,"vehiculosEnInterseccion":{"promedioOrigen":3.282051282051282,"promedioDestino":3.3684210526315788,"sinOrigen":2,"sinDestino":3}},"tiempos":{"simulacion":21.52,"realidad":2152.0},"velocidades":{"minima":40.035791353746404,"maxima":79.78576065587623,"promedio":62.36915901756371},"distancias":{"minima":1500.0,"maxima":27166.65382639197,"promedio":11264.368882864974}}}