{"resultadosSimulacion":{"vehiculos":{"total":132,"carros":55,"motos":37,"buses":19,"camiones":10,"motoTaxis":11},"mallaVial":{"vias":71,"intersecciones":41,"viasUnSentido":4,"viasDobleSentido":67,"velocidadMinima":60.0,"velocidadMaxima":80.0,"longitudPromedio":3169.0234507062537,"vehiculosEnInterseccion":{"promedioOrigen":3.2195121951219514,"promedioDestino":3.2195121951219514,"sinOrigen":0,"sinDestino":0}},"tiempos":{"simulacion":18.45,"realidad":1845.0},"velocidades":{"minima":40.14770460085143,"maxima":79.67560413004128,"promedio":60.26654600008098},"distancias":{"minima":1500.0,"maxima":27316.65382639197,"promedio":11899.356424664287}}}